result_id,commit_hash,committed_at,warnings_count
9117,5a1ef2f95776c63c94765ce7e569557741ad7969,"2016-01-13 07:20:17",75
9116,40814baf3c04a26a5ae72d3a98f2954cac34de43,"2016-01-13 14:48:41",75
9115,3635281134364d2aba21b7b63cb455d5992b34a9,"2016-01-13 14:51:29",75
9114,a346758710b15dcb12fa6d7d032015b146641f7b,"2016-01-13 17:13:04",75
9113,5ad701d217b6a5c6d0b3da4304aa95956c5b3fab,"2016-01-13 17:49:13",75
9112,dbe0fd1cb6826ddd90a34ccddcf0e28c760f742f,"2016-01-13 22:57:32",75
9111,f60cf75295b9028023c3315495ddd7d8539abdb8,"2016-01-15 03:37:12",75
9110,f1e11e02701766e8bfe92a4b80c862de106b25f2,"2016-01-15 03:46:50",75
9109,b157fa3095437bb5d39b91e23581589744f6aca0,"2016-01-15 06:09:46",75
9108,7b3e78119da00a1ebd34d94df6686a634256a6b8,"2016-01-15 13:08:57",72
9107,507b62fac5f9e20e486a16f1d6ebd67f56252aee,"2016-01-15 13:22:45",72
9106,df26aa0a849754a699909e147cda856d034b3dca,"2016-01-15 13:49:33",72
9105,15d102c2c2693fa93066ccac62e97e4c75c1e69d,"2016-01-15 14:09:56",72
9104,f0b73e9fa1202b80f769b37b6fb409af8d1cc5f8,"2016-01-16 00:31:21",72
9103,2570469aa8bab5fcb96e71bde7379bab9e9d5eb1,"2016-01-16 05:41:40",72
9102,dd49d7002ab38e368792b6ad51ac55e41b04756f,"2016-01-16 07:31:09",72
9101,214d48b07b0504932f0bebfb6ec11b66d44a6f44,"2016-01-16 07:54:07",72
9100,4a767c00164dbb62d48dc53c5c0ecca8fc8336a4,"2016-01-16 07:56:03",72
9099,cb49d907ddac4feffc456edde2d333220ef34087,"2016-01-17 00:52:44",72
9098,ce0a141f3c97c9cb90f52c958103296b03ae4d7a,"2016-01-17 02:17:36",72
9097,7c7edb68b84c0ae50bee6f9df0848c391574b82c,"2016-01-17 04:13:50",72
9096,46d31e9bfc9a7863a70f8b6eebc7febe62c69f5b,"2016-01-17 06:13:37",73
9095,49e32de358059119c9031a454e4f8d9ddf999591,"2016-01-17 06:15:31",73
9094,05d731d9e70ab4ba6c14b7f88a6bcc8774d37dbf,"2016-01-17 06:23:06",73
9093,df429fb2b448ae6483fcae4381a16f20ad45edee,"2016-01-17 14:44:03",73
9092,62c8b59fd74da72198adfaca9dfdae1158fc4e8a,"2016-01-17 17:55:33",73
9091,6e83af7a8c6448ba210d965696e1f7f34734b80c,"2016-01-17 19:14:48",73
9090,40865132cfc37d4db834188ffb86bda5b7564972,"2016-01-17 21:00:07",73
9089,c4d18f06c6dbcdd5be56e8deead4763ddb97b45d,"2016-01-17 21:00:31",73
9088,a5987dc60bd70f632d64a42897a7428cb402861a,"2016-01-18 00:41:19",73
9087,17af32f03aaeab69a84e2d7a6fc645d372bdc729,"2016-01-18 05:33:51",73
9086,63f09c3ce3843fe90508db52e9a096d3e03756e0,"2016-01-18 05:51:05",73
9085,0edea105de525d431f515b3cb0a0854bf0f4788a,"2016-01-18 06:03:15",73
9084,31b6ba4be65fc89b4a4168cf33893f6387f0afb9,"2016-01-18 06:54:20",73
9083,7a53f88aad8d0a946783af0bfb38e377370dc354,"2016-01-18 07:22:38",74
9082,8ca4fa878a6ad3d24e947f29e6a99d5cee61d95b,"2016-01-18 21:43:29",74
9081,714c351d65764d1c667970ef5cb75d474909bad4,"2016-01-18 22:02:34",74
9080,132358693dfb6e4ed4181ebfc8278816277ba2b2,"2016-01-18 23:26:40",74
9079,a13178ad42ceddb7e5cf617d52b789c65ad75463,"2016-01-19 01:42:56",74
9078,20bfa3bf8d2d47ed1a97fad6d857dd12a2e7bb74,"2016-01-19 05:13:15",74
9077,92c3ae856d7385b55dd62ae7df0a8ab5f4412127,"2016-01-19 05:13:38",74
9076,f5fa0428a67fdc68d5b9fc55e9da61acb1f48f89,"2016-01-19 05:15:25",74
9075,7dd80d83d8436ac80f5cc5fd514a0b522d54ad7b,"2016-01-19 17:10:47",74
9074,3239243534c2291ef7e64e38870798a5d68a1df2,"2016-01-19 17:13:11",74
9073,7f1c8445e1d52d641265db97c7e3a273fa8bb0ce,"2016-01-19 17:55:07",74
9072,ae8cc51287afa8a684586aeba28e428c5ef8d2d6,"2016-01-19 18:59:37",74
9071,04fd94e2cd6cff5724ed9c75643606540c776987,"2016-01-19 20:56:08",74
9070,49987c57e8ed576e49c70019f3b36762696cfcc9,"2016-01-19 21:02:25",74
9069,36987c1806b0451a922b3733de6ac35488d2447a,"2016-01-19 23:22:53",74
9068,724039a42d5836e2052064882e75715d21c7901c,"2016-01-19 23:25:56",74
9067,c101d009d314ebc850b2f2e2cbc73f5f579c26dc,"2016-01-19 23:42:21",74
9066,7924c9dc30c3bbacac7b14bef3e4c2dc810a5e99,"2016-01-20 05:52:23",74
9065,b971abcebf77c50030e36a5c5d1fcd4d2ee0077a,"2016-01-20 09:24:37",74
9064,dda522a899f2dd7d501a5427cc74ddd109ccfaa6,"2016-01-20 19:20:56",74
9063,9e9de2fa2abd2b3be28283848af63ebd625c4eeb,"2016-01-20 20:42:26",74
9062,de78b8cccb4b96392263eff7a5990f1bc15483ee,"2016-01-20 20:54:00",74
9061,1d1528d6e1321d5ab52f4fa056a340b545faef8d,"2016-01-20 21:35:57",74
9060,8650f366dd9d7f8d65715f53099a861ff2ed7be8,"2016-01-21 03:00:12",74
9059,b94390710457988f08cc8e482c9b1e0811c97a83,"2016-01-21 07:08:03",74
9058,cbb75aeeacc32e7be0cf3239f1587a13bc4c7646,"2016-01-21 16:56:33",74
9057,f4ce9f2a228a263a382950698e51f081a302ed2f,"2016-01-21 18:02:35",74
9056,308f22710fbe17b4c2c5e714924a46a08c890617,"2016-01-21 18:15:59",74
9055,08fe041979a77c6358584b6db9a6c16dba62d450,"2016-01-21 18:45:02",74
9054,9052f6d5477f30ca6d5133bbfd6a541aadfc6c8f,"2016-01-21 23:59:58",74
9053,6bf02de6973c9a219bf4d519d52ec869ae83604b,"2016-01-22 07:22:56",74
9052,f813d33ac5c71f8dec8b4f945ba0e4ff8a99778d,"2016-01-22 17:07:27",74
9051,ae57630a104bc40222a88131e53f3a425c42b228,"2016-01-23 17:38:33",74
9050,9e36212b33516c641bd771127891f65cfeacee34,"2016-01-23 22:59:43",74
9049,c3869ab717f30bf2974f318aa9a79de1f46fadb9,"2016-01-24 00:36:42",74
9048,80524d4694f752b371c9383e0603dd5024ce9c88,"2016-01-24 03:09:49",74
9047,69474b029709f17ba6a5858ea9f4aea52c260e88,"2016-01-24 04:53:03",73
9046,60263e2f235d55b3f71986afe340619673ffbcb6,"2016-01-24 07:03:19",73
9045,3379f34dd82186453a315c7dec39d4d0c077c0bf,"2016-01-24 07:39:50",73
9044,a6f8635d7b5cbe84fec8169d4b796e2d5efa95d3,"2016-01-24 16:54:31",73
9043,17bdbd39ca342e983785f5f28354f673f8053cce,"2016-01-24 17:05:41",73
9042,5e606a22784f29de0d4755e2ff4508745fe85d88,"2016-01-25 03:37:27",73
9041,d3ed4f425c17d7db2d79ac36552badc25c3337be,"2016-01-25 04:03:44",73
9040,ea7a69585299799e2682ad3f5c9a4a6c3a47af78,"2016-01-25 05:51:39",73
9039,fa39729b3fbc123812fb6f90b81bbfeb85db85af,"2016-01-25 06:51:26",73
9038,588bc3ecd61f33767e3c48bfe080d670149efabf,"2016-01-25 07:09:56",73
9037,1185447c1299e98b91055ca48a4b30be4885211f,"2016-01-25 07:11:25",73
9036,81cb5b7277c848196593aaeaa1aed72e35770aa4,"2016-01-25 17:30:14",73
9035,449a20252bede7b9b6ef433edb1ab8da78c5e0b0,"2016-01-25 18:58:20",73
9034,6135350f39f2314196d2c501d6e98073c00425be,"2016-01-25 19:07:21",73
9033,ee0feee70f56b98f292f7ad3abd89c42a1f64955,"2016-01-25 19:53:24",73
9032,0572402817b9c6212a2644d879dfd303f9b3257d,"2016-01-26 01:07:38",73
9031,cfb151ef4952e7be2c3131e736dcd76f23f7312e,"2016-01-26 02:09:24",73
9030,293ea6d5e1fbe080499f4d9b4d9892110b50d75b,"2016-01-26 03:53:06",73
9029,ae0692648fc9a52e6fd4b8f536cf7c76d0e017a9,"2016-01-26 10:38:17",73
9028,e02d9d403917e77c2ceac5ebc21d5a03bb6900f8,"2016-01-26 22:01:27",73
9027,e5e45815d8c562ad86404a355371af4ea75ac505,"2016-01-27 03:54:44",73
9026,139ccc2d6898f9c803435ab46ef48fb3da8bef64,"2016-01-27 04:29:31",73
9025,95995b47313d0b7f1cbd10d74301bad83dd71feb,"2016-01-27 18:55:59",73
9024,a890c1de07aee12b82a0c1f727c39634c27255b7,"2016-01-27 18:58:27",73
9023,d75870bf23327b64481ac8dfeb6c7bb2de8f0fa0,"2016-01-27 19:07:06",73
9022,ff72a5735288597a8e9e12f4d68b078b15dfa090,"2016-01-27 20:13:46",73
9021,c2103007455443bfa6c905c4fb886ff1c8e646c2,"2016-01-27 22:23:22",73
9020,88ffae759ed53b8d3506145f3d710406b21633d5,"2016-01-27 23:59:36",73
9019,660e21410ce3cdc2ead03b5b8c6420426c095dc7,"2016-01-28 07:20:30",73
9018,3dec1f91971c9689f3b1142085ccb6c4ffc57669,"2016-01-28 17:45:57",73
9017,bb6dc470a9d5c7582c43b1e6210ab4dc0a274997,"2016-01-28 18:16:42",73
9016,a006e487388bbbb6a0d91f6ad2c7b068060a12c3,"2016-01-28 18:20:48",73
9015,6be38c5330c9c03646eff114a02b007c9577998b,"2016-01-28 18:59:17",73
9014,838314be23577970376c733cd6af44f479b86669,"2016-01-28 21:45:58",73
9013,5ea9eb2d9e262200f34d6a3f31eac6db9379f53d,"2016-01-28 21:47:27",73
9012,64efbd36a21672bb87bc0e76e7a0554fb50139bb,"2016-01-29 01:04:59",73
9011,93dfc42e04530d14ca6def23f4d3c9927b5913b4,"2016-01-29 01:06:47",73
9010,369288cdd5015006faaa8803c40dfd3361d42cdf,"2016-01-29 02:47:37",73
9009,89dd70592109d64b283b2f94b86ca46b53260642,"2016-01-29 17:25:04",73
9008,317b27b6149cc4a3d7b2dfe7a2fb8e7d6c20090c,"2016-01-29 17:26:52",73
9007,d5cb8b3ff6f36a722859a1cc2cb305c4d4de0b9b,"2016-01-30 04:09:01",73
9006,3c83f25de9d38bc2350be956d779aa0dc59311e0,"2016-01-30 07:02:24",73
9005,ab2a4d8f6fda86076c38df0bf82f7489b0dd3c25,"2016-01-30 18:53:52",73
9004,3e6b2f34f5a0cc5ff5db1a09ad11107a5a465305,"2016-01-30 19:32:07",73
9003,29e50b4bc5bfdbe2b47afdc34fd6abab41b16d40,"2016-01-30 19:35:53",73
9002,76c75b8e486fdaf4adf58806452ea8967e2cde2f,"2016-01-30 19:47:38",78
9001,ddcd37237c25631ab9271ebdfef0f55ece1b6c44,"2016-01-31 07:44:36",78
9000,08d170aa08353543a8d0d08752e57050f2ed899f,"2016-01-31 18:38:14",78
8999,d049d7b64675c17c8aa967bf3daecee7563a797d,"2016-01-31 22:34:47",78
8998,c7fc9dc99f4054cb2f3796d3265bc908f3e70294,"2016-02-01 01:36:16",78
8997,01cc33ec67d3f469dfe9f089d4203763410c93e3,"2016-02-01 05:10:49",78
8996,31194ee3c0f4498a3fd8215e8417cc1507c0b434,"2016-02-01 06:12:26",78
8995,ebfda63f7d0ee2ba732c7a783f8b05065b061491,"2016-02-01 06:25:23",78
8994,9cc8c11f31ce3d31bb6d91d599bb12962959a00f,"2016-02-01 07:13:05",78
8993,c2f17717b6d093645f512be323c3805e7459dfc0,"2016-02-01 07:53:33",78
8992,9dbfa3c8da267fc3c99c70c0e154c356bb059fd9,"2016-02-01 08:03:58",77
8991,fb83f96ea5cab4f9e43104183a081b609d1544b6,"2016-02-01 11:29:14",77
8990,b33e93eac20d13cc6305cd5f626473eac8aa422c,"2016-02-01 22:31:02",72
8989,b3a6e9ba96861f30029d861e2a95fcc2f359b546,"2016-02-02 03:44:14",72
8988,c6a27fd4370eb7fdb088cb5cbbaf0b8668422586,"2016-02-02 04:22:21",72
8987,29dabad310779df3244d0ef6237f1b8b794b5c12,"2016-02-02 04:24:12",72
8986,2d63a3d5faf85d428ce230b74b656e96cd9094c3,"2016-02-02 08:16:39",72
8985,90a2a9007127d2c702b1b2a56b0d0f165331d265,"2016-02-02 13:27:00",72
8984,b3bed7bd9585576d18468cc0a8c3a6dc7f54f675,"2016-02-03 01:08:55",72
8983,8a1e8163d4bc868541b3e7405da6f09ddfb021cd,"2016-02-03 19:56:07",72
8982,e9c3c87d20ad5474aec09666f87ad36e2bef7705,"2016-02-03 19:56:13",72
8981,bc2eb80c715e9a162177e14408da7c816d3d5674,"2016-02-03 22:30:05",72
8980,0f1579855012c60b345fdb67656257d3f3f94cd9,"2016-02-04 05:46:54",72
8979,9aacf1021e57619ec3e717c52c87abb00eb3f853,"2016-02-04 15:51:22",72
8978,bc98b1ef83f238a9e213d0b097a3beac127754f1,"2016-02-04 22:27:02",72
8977,ff998c2b8bac61081bb2131a801db763c9c2f292,"2016-02-04 22:42:52",72
8976,7d70f00c8b1b7ff54243519fcedf9ab7ef71bfcd,"2016-02-05 02:51:24",73
8975,95ef30a7fe483fdb7b26d1cc9785db48e44f0dc2,"2016-02-05 05:39:49",73
8974,19b26475e886b662295db6ae4df774e9885b52c8,"2016-02-05 07:29:42",73
8973,15647e578d9500ebc898a863f8a215efa572f68a,"2016-02-06 02:10:15",73
8972,f2896a9ad61b5c6d8ab63bee25c06d1019cc4dc0,"2016-02-06 04:29:33",73
8971,322c26ea9cdbc0ddcbc4291c4ba64906a0c0ae78,"2016-02-06 04:30:16",73
8970,bf2c944b87de63256656e37ab178c42ca567a33e,"2016-02-06 04:35:57",73
8969,41e1f43a4853213c6c2f36dc174950ec93fa0890,"2016-02-06 05:16:04",73
8968,1646e4aa015012475ddde18283850df5b4117190,"2016-02-06 05:26:32",73
8967,6f6ce2d2b11cc09fe15d285b057b134ac55bbe93,"2016-02-06 05:53:04",73
8966,43377e1d38bfdd8bff574800898359b5ad5578c7,"2016-02-06 07:07:37",73
8965,aaa450414ccbaf9aeffeb3e0acb7c0a30abfa257,"2016-02-06 23:10:02",73
8964,1d624e4ed0e03b73d0f0804868cd9c6646801781,"2016-02-07 02:53:59",73
8963,ee95c9ac94d4407155cfb217dac93e19fff66662,"2016-02-09 23:49:42",73
8962,4afea48ffd1ab9253a74210680583e1d21a131c1,"2016-02-09 23:50:04",73
8961,690dedda297d594f836b90dd0cac94748302963a,"2016-02-10 00:31:24",73
8960,3c7f6c2ef5bc2dae7c9a6ac4788460674edb9b9c,"2016-02-10 03:28:28",73
8959,969c3f1fd4f329b430e859df5e293b2c60d551b8,"2016-02-10 04:29:55",73
8958,df32d1e96edae90be04ee6748641f465dc8f522e,"2016-02-10 04:47:02",73
8957,812b50ebe1edd3b88d69ec682e6b95793799ee17,"2016-02-10 04:48:44",73
8956,c7b1ca20e8cfc220c56a172d5e74732c50d1d9fb,"2016-02-10 12:48:37",73
8955,2594acb959624c142a16829b83dbfc208bba3c34,"2016-02-10 17:02:23",73
8954,723411dbf53e46bcae0836e06629bc2eb0625f11,"2016-02-10 17:28:52",73
8953,9913d8de9240d91a8d6a1667148274e680dd0257,"2016-02-10 17:42:04",73
8952,736414748939e7c05a073676224f9d2dbaedd72e,"2016-02-11 03:23:02",73
8951,93489c3fd90014c5887e8d55990677d4fd7b6b88,"2016-02-11 17:44:07",72
8950,e9c37472953e10590a3973eaaf05f68295d7c5db,"2016-02-11 19:35:39",72
8949,3f79bd311e26e49b5b886bd0c5d25c28ed185038,"2016-02-11 19:38:15",72
8948,aaaf327992bd4e9bf5b403a650cea4242fca78f8,"2016-02-12 04:01:01",73
8947,51d50bd8e603c7ac2f0224108805a532cae6219f,"2016-02-12 05:00:44",73
8946,36cc11b8279586f51eb4ed7a6e3e7f196c74a992,"2016-02-12 05:09:15",73
8945,9e85cd39375707f206f35c02282afc8300a8fb33,"2016-02-12 05:15:21",73
8944,bd506b127b101c604fff3180d9b018f9b24de19a,"2016-02-12 06:00:38",73
8943,fd09d79df26c37f67da3d5253942995f7ec74a67,"2016-02-12 06:20:54",73
8942,d3ca16d4ecb3bc130ec728fff5d6957f173f01de,"2016-02-13 01:58:49",73
8941,dff35ca92c3b44f6e9a94b419b4c2d88a31ec9f3,"2016-02-13 03:20:18",73
8940,5cbebf4d965417e40acb2231fb63943ddd920298,"2016-02-13 03:34:14",73
8939,5b14850b302d351db1462f446c8df7b8eafd4f02,"2016-02-13 03:49:57",73
8938,ece0600e33e5327f8831160eb8a0b4115120f620,"2016-02-13 04:02:15",73
8937,ef4c8a1ffa531321fe952a97a14ebec0883e9e06,"2016-02-13 21:16:25",73
8936,55ae5abb08773d78ba6c10763865f9df0907010c,"2016-02-14 00:02:53",73
8935,4ecd794bb1f7c49ce334452d8d89788fcf2424a5,"2016-02-14 02:17:13",73
8934,262566bab46a1ccc6a367d6d6046528085467320,"2016-02-14 03:25:42",72
8933,99ea090998f2b1610413deb4f20a0da04d4048e5,"2016-02-14 05:10:14",72
8932,a4ccbe7cf0f1c7254ce54a347e2ac8288abd2105,"2016-02-14 05:25:19",72
8931,c46da77a3e795845366537e3f18c4dc671c04163,"2016-02-14 05:26:23",72
8930,a63d38f25dc76683759404f0792a075af33f6c68,"2016-02-14 13:01:31",72
8929,26135dd5fbadfc3e54fb5425613969527b7265e5,"2016-02-14 13:02:14",72
8928,c811e1fff3489248804c081efef229fdc9ce9828,"2016-02-14 13:02:51",72
8927,85f04ce707d77634d2c0041aad70365909a12e78,"2016-02-14 13:09:20",72
8926,ee5e0e208b53b22cc9f35d80272ce60bbc38d8ea,"2016-02-14 20:19:30",72
8925,2c388c9b9d19745abd83678dd20d591a0f27e350,"2016-02-14 21:23:54",72
8924,4ccf76bd7688a42c6ca64225a7937cbf6a7d8495,"2016-02-14 21:32:26",72
8923,4300d0e0607b4eeffd38b340cf8ae16093745fb0,"2016-02-14 21:38:27",72
8922,b170afe0dc6e4946add7fbc06006e653b67bfbe1,"2016-02-15 00:31:06",72
8921,b085bf0dcc140cf75a7eb546fa052dd338d55342,"2016-02-15 04:37:50",72
8920,db69f1b0907c8ee69d139f8ca2c2454b8f366e2c,"2016-02-15 06:37:14",72
8919,3b8fa3ac93873a6ea8600c27bb806cc9bf1e752e,"2016-02-15 07:26:53",72
8918,fb3b82ccc289e33c7af69bf66c7ba4c237b23564,"2016-02-15 07:28:19",72
8917,264fd68abc60037403915fdf196e9d16360634c9,"2016-02-15 07:28:59",72
8916,4fed4e09b56c1afc691219c1ccaee773b2d3b2e9,"2016-02-15 07:47:25",72
8915,a19cbc7bad8d260a7b4d4f57751212e4067354c2,"2016-02-15 08:57:22",72
8914,c4fdc0ba5093cc7696d1a5e444003b7e47bfb5a3,"2016-02-15 09:22:39",72
8913,8fc5467910af604feba5548f38a730f26a73631b,"2016-02-15 16:30:48",72
8912,05866f3d8d2ca201441ef250f84fab3bd37bf45d,"2016-02-15 17:38:19",72
8911,8d650870a27636a0441ae63ebb23f8ece2d30add,"2016-02-15 23:33:45",72
8910,0c2f4dbf3db60c49de631dfd6a6615ca84e00f8c,"2016-02-16 04:39:49",72
8909,619b285009c46e7c2cfc200186a24c25e7b54ea2,"2016-02-16 13:20:21",72
8908,5144320df90fb0222fb20c5cddcaa073a510e33e,"2016-02-17 03:37:10",72
8907,f274f6acc3208cd4802a278c260013e4a772447c,"2016-02-17 03:37:56",72
8906,a7eee3442a0964e6a815a6b2e77ee38b2062fb44,"2016-02-17 03:46:17",72
8905,a7591294870235679e38eeb9be5f55064f5cd12c,"2016-02-17 04:16:51",72
8904,1311559050aaaa7d3810538aa9bf151ee1bd8fe3,"2016-02-17 13:46:32",72
8903,ba2991886cd096bd2293af2e667c429d61f17085,"2016-02-17 13:47:46",72
8902,32aa7324c113c02d058dbba3246c030e9e3529f8,"2016-02-17 13:49:49",72
8901,1ac8732baf71a8a04cf7a850ace25f099453d5c5,"2016-02-17 15:13:06",72
8900,4f3489116f02cf20175232ee881001ab31b26ddc,"2016-02-17 17:25:41",72
8899,9c91a84854fa99478d9537e8d8aa2ee59ff746eb,"2016-02-17 21:11:54",72
8898,36f99175fa7f07eae448b4ed783be62a6c68c9a7,"2016-02-17 22:33:45",72
8897,441a2ce4c3a0f01e7ebb1142ce7a4cd7257395d1,"2016-02-17 23:32:40",74
8896,80abc185296c74ccf5de8e54b81d41422a643d96,"2016-02-18 06:33:51",74
8895,cb8d6ee6721bcf61d445b52b5025113ba2b46493,"2016-02-18 07:12:59",74
8894,5d6f2f8a4dfddd192deef7a3b38584af7e7b956c,"2016-02-18 07:34:47",74
8893,4eaced4cec1079493fc48b096b78bfbca70cd29c,"2016-02-18 17:13:26",74
8892,e7e664a1e6589d2aa89f4fbaee201be383cff07b,"2016-02-18 18:01:23",74
8891,d03bb5b9e2b423729b3b845c393ad21943429b00,"2016-02-19 01:36:10",74
8890,fab4ab8d1255de3068b5659b6d2e5a3eedbeb730,"2016-02-19 19:36:37",74
8889,dfcea538a36b46eb93cec911850347cb8ee4f02b,"2016-02-20 04:16:11",74
8888,1028a1cd0cb2f147a8155254a3c50f98e891c178,"2016-02-20 04:16:45",74
8887,3bece8be506aa03968b017e1f59c1ac6f28a29ce,"2016-02-21 00:06:52",74
8886,e695eb27506d830ba5196182fcda7844abfb6f8e,"2016-02-21 11:54:04",74
8885,c1cbdc5942d58290655c9cb244994cb91ee8510c,"2016-02-21 20:33:03",74
8884,c324e807afc9b7865788bd0ec894ebeafdc7b666,"2016-02-21 21:45:23",74
8883,2d1a1e6229f652bca0a1bc35072102bd1c135d7e,"2016-02-22 18:02:59",74
8882,a46ac7dfdcdfd2c2b064e56c5974c5b1d18934fc,"2016-02-22 21:50:47",74
8881,d146c23945770bb54de37deab0f58bd552fbb072,"2016-02-22 21:54:50",74
8880,89282206e59e315cd594ff5a024a8ef668452445,"2016-02-22 23:30:58",74
8879,eedbb155862f6b251178d9896709c0e431f99743,"2016-02-23 15:46:44",74
8878,c9db30fd30a4a9fa92eb7876e049328c71c25f76,"2016-02-24 10:08:36",74
8877,92c812b477dded749bd639555c2b7e437c091f13,"2016-02-24 16:29:16",74
8876,d1dcacbae00ae9a1c3e8b213553da538a1e00b68,"2016-02-24 18:26:13",74
8875,1d8b243ad7cd9ba2c1866c5393e4442fdcedab55,"2016-02-24 18:31:45",74
8874,2bc9ff92657ed44eaef4e74b2978f8c574cf6458,"2016-02-24 18:37:48",74
8873,4280eecc554d27066bf873513bd3b4e956382ac5,"2016-02-24 23:12:02",74
8872,2d25a558822d4d620d383fff5edebbbca8dae32d,"2016-02-25 06:02:10",74
8871,f57806900867ca685faf65c1c5bfbabe4c4231be,"2016-02-25 19:21:21",74
8870,7775ba051d4d49b51b880cd149e9eec6536225d6,"2016-02-26 02:45:34",74
8869,14b77533c5c985addd2a74093be34864fb03d680,"2016-02-26 02:55:44",74
8868,fd0bfe7aa330862312301a1eb9ff7e8510ba46f2,"2016-02-26 06:21:44",74
8867,cac3a166f8fbdfc7969d49233c5bdc9b20ab2193,"2016-02-26 06:58:23",74
8866,4cbbbe160b4c88c776d7b9f3d9ffb15f863595c1,"2016-02-26 07:27:45",74
8865,d415f97a4825a878a29bc0219a12f6c73e6102a2,"2016-02-26 20:59:38",74
8864,a3077c8acf94e9e553501e226dcf15ceb8714f54,"2016-02-26 21:03:24",74
8863,2f7aa1d2a071c1fa5b55c73526cc06b5505ec78d,"2016-02-26 23:51:13",74
8862,41db0a353f7da4aaf60b8cfed687e79b182522b1,"2016-02-27 00:10:03",74
8861,2c0afe2e92f40a9e1b7abc1cd1976b0d412fc363,"2016-02-27 00:33:33",74
8860,17d403323656238c5047150eb8b0af9a5f257dc7,"2016-02-27 17:48:47",74
8859,cf19fbfa465b08535ba85808587f0b54d7cfbc2b,"2016-02-28 07:34:38",74
8858,fab5572d34b56cf85964c250364f045415eb8b9c,"2016-02-28 17:50:34",74
8857,59b786ce02639826c5f49398c82b940247e7974b,"2016-02-29 00:22:07",74
8856,612ca205636be9425ef437f87eddd8040c0ced4b,"2016-02-29 20:06:27",74
8855,e28796d73dfac31788fc936ebf491c4295c18bd1,"2016-03-01 02:51:59",74
8854,b6dac8f7fc9eccece631b630e5d53b6da14ef9a6,"2016-03-02 03:34:25",74
8853,312efd88f6dac2bc960a53e0887320e75e465e55,"2016-03-02 04:10:47",74
8852,052523f08408946b430a94ea77d37600ec4dcb21,"2016-03-02 16:22:55",74
8851,1065fd6c047ee4f73b75854eca935cd8c81644b0,"2016-03-02 18:34:16",74
8850,be8159fc3043fe4bbfed2d7c4954dbf90eb0a09d,"2016-03-02 18:36:42",74
8849,c6021d5adafe3df1a767741b8640df3cd84d3eca,"2016-03-02 18:38:24",74
8848,23b034b1abf6f64b150b3e617fb335bb82d9c668,"2016-03-03 03:12:04",74
8847,4b6ec6f298b52b36c137d910c9ad4e5760f59c16,"2016-03-03 17:28:18",74
8846,2863efe8e1544954273897f4e7381d978c86e91a,"2016-03-04 01:27:10",74
8845,d55e4e317b11acdd87c19ae7baa442a73fe7832a,"2016-03-04 06:34:04",74
8844,46cb428e240069fdaf2351e8d1213343440d01e7,"2016-03-04 21:02:14",74
8843,ab1ce9e72e6cd567e37ab92ec90c23763c97e674,"2016-03-05 02:18:53",74
8842,6fa03a9a70b6291c1a46fa90fe50faa0d82dd4ef,"2016-03-05 02:43:38",0
8841,f3ad170bab1bbb4766b0b4564dcd7ab8b128f958,"2016-03-05 02:45:18",0
8840,9fc476893ac9d666f3d29e058ba5aca6cedc99e2,"2016-03-06 01:34:32",0
8839,a3cb1eabe8e14c61780bd252ecf10200ff0723f8,"2016-03-06 01:38:13",0
8838,dafb845fa4cc268d46ad237d426efaca9cd43002,"2016-03-06 20:32:30",0
8837,f1e5b16a931f89d5871f6b072c369f35a79729c5,"2016-03-06 22:07:51",0
8836,9923e61d776c151464ccd7932e6ff5f31715ccc7,"2016-03-07 21:11:36",0
8835,c03b280bcf1949103c34bf6d7abd0c471998bdb0,"2016-03-07 22:54:24",0
8834,617e92e5691043c2ce05f52a38f04c200a4ca305,"2016-03-08 20:26:19",0
8833,cddb5a9b65cbc4e1308795fde75be7c34bb853ab,"2016-03-09 03:05:38",0
8832,b576e5c9d0fa62b8b3d28ec9e74afe3beff49700,"2016-03-09 03:56:47",0
8831,4bd6cb5d30b8d28c11944c59058e38f5fbf765b1,"2016-03-09 15:43:50",0
8830,58ad7f1ea176fb48237f4e91de57bddcb94c6633,"2016-03-09 15:49:20",0
8829,88485acbfc8016f8e85fea6f2cf50f56fe57a539,"2016-03-10 02:26:11",0
8828,d18fc2b4c7c897518aa4e386760d02e6662f8a9b,"2016-03-10 11:06:43",0
8827,59dc9c6ca39916a786027d2ccd6bf89f744319a4,"2016-03-12 04:07:21",0
8826,9f328fbaa3a9ce65bd2a1442d8e3e3b37800ac48,"2016-03-12 06:18:13",0
8825,56d4ee808db22ace1ac28e00edb0dd66e40207fa,"2016-03-12 19:18:35",0
8824,dbe8a1014c89ae99db099e4b29d1b75c76858bfc,"2016-03-14 00:15:55",0
8823,cf4b862c4c8923fb03a5b4a9d691e7468adc36be,"2016-03-14 00:17:33",0
8822,cb043b0d9c2afb171dc727e84660128169a74d0f,"2016-03-14 07:31:07",0
8821,296536fd810952f261e4a5c0249bdf427acd64a8,"2016-03-15 04:15:11",0
8820,8e621fd0cbba828b540b5982bf8225897a8d3beb,"2016-03-15 04:37:39",0
8819,8154eb78c061e9128e9463df013d7c40c068074c,"2016-03-15 18:33:56",0
8818,5df5658a5e6ba734b2102aadf12747cecc814e9b,"2016-03-15 18:34:32",0
8817,1feb43edada1d795c1b1b1afea49bba706593866,"2016-03-16 12:40:48",0
8816,34dffa34214cfde98b32632e2f5bc1b960b0d955,"2016-03-16 19:53:36",0
8815,97a0f713885173876b6bdc60fd96f6f3f2f65950,"2016-03-16 19:57:23",0
8814,5c16a3aeb5fc1ef5685f7f0dd652cb9f1e2e5a04,"2016-03-16 20:08:48",0
8813,88c917c639d1dfbc1f80d89b2884e16d8c644f6a,"2016-03-16 20:21:08",0
8812,6cc56e4a6c4be0813fcbe24dd5f9070876657c7f,"2016-03-17 04:08:56",0
8811,6d1a4b2847c2a0c550ca782d4c60f44c99fc46ba,"2016-03-17 04:23:16",0
8810,1533be6265e26ec9e27cde0efe25d047f6f59786,"2016-03-17 05:56:47",0
8809,22744fcbdfbc18d2452e3c40eda9be185740770a,"2016-03-17 12:07:34",0
8808,ab5b1451e4fc250c238ddad36ff4342cabee2fef,"2016-03-17 12:33:15",0
8807,f88a80c6cbfd870f34336c5ff70643e997dc53e2,"2016-03-17 17:55:30",0
8806,38e647aad67096efd0c364dfa69f95aca19d52b1,"2016-03-17 19:15:51",0
8805,9cf2b498d1bc8697b18e3f55205d5fd6d81a3832,"2016-03-20 02:44:03",0
8804,1b67e4718fff4ea28bef135e15ea262d15c737dc,"2016-03-20 02:46:27",0
8803,acc31b2bd4481ba19810464c183b4a69df77703f,"2016-03-20 03:48:47",0
8802,56c6b66204ede7c5fe3842e417125bcf6c735853,"2016-03-20 03:50:24",0
8801,c5640457c16946716b287e480715ff8785e94773,"2016-03-20 03:53:38",0
8800,842b0267d852d296a1eef4b7f56435bda9419b80,"2016-03-20 15:49:43",0
8799,b2e5057799d98499a6f96d1e52675b813faed402,"2016-03-21 10:34:03",0
8798,cf9c82ed46c811a332b3d52fbad4c8b4c63bb881,"2016-03-21 14:38:27",0
8797,bed9de273909ba538c13e574d5486135a39dfc62,"2016-03-23 10:58:42",0
8796,d1e24681fab3f75e3c651bf8ac2ab5d0540e3e50,"2016-03-23 19:51:45",0
8795,6b018752c931ec62d4a1320a88a3e85e7a8a8b70,"2016-03-24 04:06:45",0
8794,e50ff0d249705f41f55cd435f317dcfd02590ee7,"2016-03-24 08:56:04",0
8793,87ef97f59e2a2f4dc425982f76f14a57d0900bcf,"2016-03-24 22:52:07",0
8792,42f4bf92ea65957971ebfcc584639111b7adb708,"2016-03-26 16:19:38",0
8791,65b07700e077d3bf682a9421ddeb24de062faa36,"2016-03-26 17:53:59",0
8790,910850c1e93a7482587733aa2414f88820adbe40,"2016-03-27 07:38:43",0
8789,2496ba2bd4b8b1aca68e21b06aeea08a3cb7b930,"2016-03-27 15:32:04",0
8788,5db19f5266711eea8c2fee06cb416b9179c1e5e5,"2016-03-27 16:20:20",0
8787,347539fc5f2af0f83a3e73877e9e66410d8cbd25,"2016-03-27 21:51:38",0
8786,2a4b49788cd63226dcb77ca187292938ce41e7ea,"2016-03-27 22:04:35",0
8785,e62a6d223b7f28082cd09b4839f3e5cdd4a58a2d,"2016-03-28 13:41:15",0
8784,ab633f3fa503e15db7366e560c1c68873b74a974,"2016-03-28 14:06:56",0
8783,941c983682a57c03223f800ff0aa8abf59f00f12,"2016-03-28 14:09:20",0
8782,0664c1e113fcc39af03ed85304258de881307aec,"2016-03-28 14:16:17",0
8781,690f9784b593edd0e1e842575be9d5c93ae4c43e,"2016-03-28 20:31:35",0
8780,2e5ffd64de38d4183c2dc19e38ec8bc9daf925df,"2016-03-28 21:16:34",0
8779,8d36039a524ea732d7ab27fd474f0692713f91c1,"2016-03-29 12:24:27",0
8778,fe8c76c14af410f7f30592071ed226114e8305e6,"2016-03-29 13:18:45",0
8777,4493bab42100a40bcb2d373bc4ca630e04251b1d,"2016-03-29 14:44:15",0
8776,789fba9750558e79dc9a2c03e212084fe8ff6b2c,"2016-03-29 15:51:26",0
8775,0859edd59377829f4940f614fe5541bfcab4d445,"2016-03-30 12:53:24",0
8774,66bde410e3a71908ea29d7df0666219d9f271566,"2016-03-30 13:35:03",0
8773,be7470d4fad019240c247acc5c62bd8a318c1b5d,"2016-03-30 16:00:38",0
8772,d806f91fde0f8e86fe57a003c1037666cd9b50ef,"2016-03-31 07:25:58",0
8771,dfd2ef7042599b23b9cd04abfb904b35f6361def,"2016-03-31 13:23:29",0
8770,24a2f6a532d099aa8d432b04924622543885e824,"2016-03-31 16:08:45",0
8769,763aaeb6d111a9115d362a506763b5c079e74e8e,"2016-04-01 03:26:26",0
8768,f32f3d17871f2f45341fb814d8417d18fc57fc22,"2016-04-02 14:44:44",0
8767,1f8e1d2c2eefc41d1d86506f4e2e542984aa1a3c,"2016-04-02 14:47:21",0
8766,b4ec99bd61b59b49b83e191ec0551e9fb875f9d0,"2016-04-02 14:51:49",0
8765,94fc1ed90e69b9705252b235124966bbd11fb641,"2016-04-02 15:07:56",0
8764,a9266e836156de628c3ccaec656b575d492a77fa,"2016-04-03 10:04:04",0
8763,1cf851c250db8fd94b68e60f0f2b7dd116acafae,"2016-04-03 10:40:22",0
8762,b1ed06273b61bc11484aa0e9b6012defd55359b8,"2016-04-03 10:47:28",0
8761,80373da4176f82ee9e2a86d1089e8f4e384f93b6,"2016-04-03 11:26:43",0
8760,0f5c3290517336b63064ac9fe8bb5f72966c151e,"2016-04-03 12:11:40",0
8759,a6a3c1ffcdf1a050887096dac49405b277e678d9,"2016-04-03 17:09:18",0
8758,3182d21b2a032df117572e5cfdb0cb256362da12,"2016-04-03 17:30:22",0
8757,41ce2d83f85b042e3e8ba1a87aa6eefacd840cc2,"2016-04-03 21:11:29",0
8756,d8c08d1d86e8ecc2411cec6f9c4be8503b067db8,"2016-04-04 03:49:02",0
8755,52e68d7c6ab5e3f303f9fd300ee771c3100d81b8,"2016-04-04 16:24:24",0
8754,923d59d3e8eb78da5ae82280a2bc2e4da68d96ea,"2016-04-04 21:10:20",0
8753,5fcb6b999eff5e2010c22f032fce9b9ce01c7b15,"2016-04-04 21:19:11",0
8752,ab2df1a15a6607ec2cb2c2cf2fc49758987ef7cb,"2016-04-04 21:22:32",0
8751,88edd2c64a9c29d1422990b8942ecf2d502152d3,"2016-04-04 21:26:24",0
8750,34d362b3e8c5f9d81f6eabd6ac11f6c5b3215dc7,"2016-04-04 23:10:05",0
8749,8fb0516811e778bd7d35e3a1d9e03792d2bcfef3,"2016-04-05 04:09:21",0
8748,96df9bfcd75712f007e5a13071c65d3f4b45a60c,"2016-04-05 05:04:24",0
8747,4ff2abbae12b0ccb4de56268b3bc65442cd53b05,"2016-04-05 18:46:47",0
8746,c39880907a030f50cc9ec4ac9af949898f02793c,"2016-04-05 21:35:37",0
8745,721b91ea81dc976897b0e90c01eb436172a7ccfc,"2016-04-06 01:10:00",0
8744,cf420753cc09a44707dd12392482d2e7d0dd4efa,"2016-04-06 06:51:29",0
8743,6f9b6d7f2bb37eae9a0379e313e916886a9f70fe,"2016-04-06 08:24:21",0
8742,98efa93c68376d8e85f3e3f7ceaf9adb2b5c0b94,"2016-04-06 19:45:17",0
8741,8171992b55c35cf0a45f57abe6ba685582313a56,"2016-04-06 19:52:20",0
8740,14a375c56671be7f9257d661b11f14fd4993c959,"2016-04-06 19:57:03",0
8739,9cf4a9cc69538bc868c0b2d5d66be9f0b9e9c101,"2016-04-06 21:21:13",0
8738,82cc9f99d15251df245450f8a0453577b0857aa0,"2016-04-07 03:54:59",0
8737,e85da70d465d8d54bd1f6e27dc6e092632d3a14c,"2016-04-07 05:44:50",0
8736,9160e4aaaf9cc51a387f7054c699f73b77ca993b,"2016-04-07 06:03:33",0
8735,0dea23cee4ccd6247b2a254910840218f72ca76e,"2016-04-07 14:49:13",0
8734,4f957d1d8048911c53b052f657119bada4f59d5f,"2016-04-07 17:23:34",0
8733,21c83f7c3caa8020a0d0ad6bf27b971574aac0e2,"2016-04-07 19:59:44",0
8732,a225c9dcf689fd2ec0fa3922ef44e19d8e0b22b4,"2016-04-08 00:02:00",0
8731,09191454377f9f3baa8f6d25c9930e86619c3d9b,"2016-04-08 15:07:15",0
8730,150a7951e3a0b4175d75c3cd825db55838204d82,"2016-04-08 16:00:40",0
8729,098ec51332cf634fbfd158170115c3f7ca10ab77,"2016-04-08 21:58:20",0
8728,d0c12be85e0c406b956f504dbff0dabe27eeb310,"2016-04-08 21:58:25",0
8727,5fdc961587b6bd175e8f24ed4c7983bfd16fe78c,"2016-04-08 22:13:41",0
8726,378e325ee4879f423facdd4e4693e9ac1ebdc0fb,"2016-04-08 22:42:53",0
8725,f38ca2ac4a0125b28e76fbc52c78c7656873dfa5,"2016-04-09 00:57:02",0
8724,95ce24677d05a183b8aba6b84597b59c9851863e,"2016-04-09 02:34:43",0
8723,6003f8eb714503453540aa294e53d6ee645ab1f1,"2016-04-09 08:09:35",0
8722,6012fca6f8aa4a812914a3b31079407ada1a1b34,"2016-04-10 06:09:16",0
8721,3fac92c4396d56628f211e86e5283bb4248bebd3,"2016-04-10 23:26:38",0
8720,ff77101980471b2ec550d53894ce6a9498f00c55,"2016-04-11 02:37:05",0
8719,bc59fede4c85ef09ac464ec15f5d10dd2670b9c0,"2016-04-11 18:50:18",0
8718,4637ac1c7d547c1008cce3ff9797f9c749edf662,"2016-04-11 23:08:50",0
8717,a1c455e3e26350001972abf356816ceae99c5d96,"2016-04-12 17:32:56",0
8716,4bedc09b3c80478df5e31334e8b606045f83c167,"2016-04-12 18:08:54",0
8715,326bfae750d6ddf25e6b6a373c1574815b4fd47a,"2016-04-12 23:19:42",0
8714,4e4686bca7646b46410ac040a3e1d357baeb68f9,"2016-04-13 15:02:07",0
8713,9809b11b0c8094464ce2accc6075a8e1270302ca,"2016-04-13 15:13:54",0
8712,fd66a599b2bc29689ee876a7cea7a5484ecd04c4,"2016-04-13 15:49:00",0
8711,729f9669527d58f5ba810efbdcc60a79376b843d,"2016-04-13 19:45:53",0
8710,734606893e152fd8775415432aed25000362b56c,"2016-04-14 12:58:29",0
8709,190a10e190362d66a9961591aaf264f79e83f44e,"2016-04-14 19:58:24",0
8708,0427d9e85d6a690d21e89c0982093c5c7e3a73e5,"2016-04-15 00:39:37",0
8707,0aaffe84bf3243a8c03654a3f11009a83101e8fc,"2016-04-15 01:19:50",0
8706,f4eb0b46c8877ad4e4d17cb541c82349e90216f2,"2016-04-15 04:54:26",0
8705,4d80aa152f3b2baec5ee15a095767c46efee1aa1,"2016-04-15 05:03:52",0
8704,5000462ccd013cf3643f0f636cd72e4c2cbce0ba,"2016-04-15 05:05:21",0
8703,55804d990bdeea2a0600957eed50f549892b3b2c,"2016-04-15 05:05:57",0
8702,690351a073896e6978dbdc7dc0dbbbd4c263ddfb,"2016-04-15 05:11:09",0
8701,07d0d4fca57ff832472ff39d458ac71bf96404ba,"2016-04-15 05:12:09",0
8700,1d528f3094517aebc57e7b68d7d3b4c903d88b3f,"2016-04-15 05:13:14",0
8699,66e198c3106787f488e1d9dfaace41ff9c5a0002,"2016-04-15 05:13:50",0
8698,049679fdbf1308bb5f9c7771b87efe6d657bdd92,"2016-04-15 11:32:06",0
8697,f492e58a5b454e3803ec37f5a88f905256146abb,"2016-04-15 15:25:20",0
8696,bfb238f390453bef6915bd1d2f36803d2b3ae5cd,"2016-04-15 15:49:26",0
8695,0b910223fd7b9caf3de2527ffda4d83a45f7c865,"2016-04-15 16:45:50",0
8694,8352f2c535ff9094cf5a794a2836134ce41934e8,"2016-04-15 17:16:46",0
8693,a918b7b84e836d5478879657bb7c9d6e07fe588e,"2016-04-15 21:03:32",0
8692,4e12cf6460df3ad8b696d9608be2d12b0f3a79dd,"2016-04-15 21:27:41",0
8691,d11066c944eb0d9e56b74c3265028790398aa4ff,"2016-04-15 22:58:09",0
8690,5ab83d3dc94cc74c75f892c8b7c9d8a11e3b590f,"2016-04-16 00:15:46",0
8689,cc560a9cf4c2f61b1580cdc0b3c9c0783d2c9cd1,"2016-04-16 05:26:10",0
8688,d92bdf4ad6d7f5191e4524de09de48227b077b76,"2016-04-16 08:48:21",0
8687,dbd2bed85e1a3fe29b60a23224f125dd70221e99,"2016-04-17 05:35:53",0
8686,6a8ae4a9ca7ae9c3f932fb5dbd3ec583fd67b060,"2016-04-17 06:25:57",0
8685,58295c74d271ccc4b5690dbd875cd98468f1cdd1,"2016-04-17 08:56:47",0
8684,4aaae7b48828ad58c5646a731b73e5465f2d7037,"2016-04-18 07:41:41",0
8683,3f62c1ad65ac1af2d5c22e9cebb3047c988794f9,"2016-04-19 03:03:09",0
8682,d1aa55973cff8fec07cdc4f6321f43e27596ef47,"2016-04-19 07:14:17",0
8681,90e171abeb02e8aab61155e8a24182a14cc295b0,"2016-04-19 15:32:06",0
8680,be27deaa4c1acecb824cfa74b9aba9359e6999bd,"2016-04-20 21:48:05",0
8679,f2f6aea55a26a5404bb37c8c34e8715519bca809,"2016-04-21 05:32:16",0
8678,39d9cc1fa114f893208a25846af2a5b713915309,"2016-04-21 08:08:34",0
8677,7aeceaf97ec8fd8648eb2a036fbbedd74aecfe47,"2016-04-21 13:52:52",0
8676,3a234f744f43e53bbb09ce51191056d7dd96a128,"2016-04-21 16:34:51",0
8675,68f96d4b0699a3cf508fdad575c697bb1555d649,"2016-04-22 11:38:26",0
8674,6c06cde9faa598f15226281d4764d7c332b2cf5f,"2016-04-22 11:51:14",0
8673,73816f7dc047901fcf3be3807d3970a339aa1fa3,"2016-04-22 12:12:56",0
8672,0fa7c023388eb6cadc879365e328ca0c62c3804d,"2016-04-22 12:17:34",0
8671,56bb315cc72cd8b36dcd6fc9c95dbc7bd4a7b8f3,"2016-04-22 19:28:00",0
8670,0579949a3779cf31958528edbca1b9b37d2573b6,"2016-04-23 21:22:22",0
8669,91d1cb528bb66d43a40fc6f3e30007b9f10e28b4,"2016-04-23 21:37:25",0
8668,6039d29282ad8687e1fe35cb778de7bb742eff19,"2016-04-25 23:57:30",10
8667,9a8bc9b80e122707b72900a55ccf53cb5c7c12f0,"2016-04-29 03:37:23",10
8666,f60213389fb1096433da99779b5c35238ce4aa8f,"2016-04-30 17:32:05",10
8665,faf9e9cd24d75c8735d2e55a79274cd36ac916f9,"2016-04-30 17:33:59",0
8664,0eea538e37c48fa8bdd031a5b9e720a662792600,"2016-04-30 21:56:11",0
8663,357978d995bc4f883e6dbfc120beebec6581a37f,"2016-04-30 22:18:24",0
8662,e295fc61e6653a8711bcf3895b13bb133ab11b37,"2016-04-30 22:28:05",0
8661,c7a2d9bb718fb85ffa9eb9a566df0c6c96dcbc65,"2016-04-30 22:35:18",0
8660,725819a5f8da015a4fab33e5826a3d516bbb2243,"2016-04-30 22:41:58",0
8659,aadea755dd563d589feea5af3a6ec82b32076a78,"2016-05-01 08:40:56",0
8658,c8a06f008b60dfe45180788c03e57360526fc8e0,"2016-05-01 16:13:18",0
8657,28143a4c2d6a80629434dd9513107e9dd992210e,"2016-05-02 13:40:32",0
8656,606051c87e174db7f7721205503304aca44ec5b8,"2016-05-02 15:57:19",0
8655,5830d6961324f9f71f5b1e59f7fcc0b7c40b8cad,"2016-05-02 20:19:54",0
8654,e65d55a3f7b4034399941110158c1e3b2d442cd9,"2016-05-03 00:22:46",0
8653,3ae67f6fa95f51d8a4ab66aa136865ef8d4d9d2a,"2016-05-03 00:22:56",0
8652,2224b8dec133e76c154558a5a5aa485b8321998b,"2016-05-03 04:24:28",0
8651,ebc6514f377c1cadd349817c3d2e930dd05e7a9c,"2016-05-03 05:38:48",0
8650,40be7fc0248f599a6c5bfcae3e7217edb2e1136d,"2016-05-03 06:11:25",0
8649,648d9f93ba6305b0355e759418e0641b9f56abac,"2016-05-03 14:42:31",0
8648,e14cb69d5b4e8c135d74aed1467c85bd31783127,"2016-05-03 17:44:15",0
8647,03963bcdf84af66f1efd703ba89bfcabf58a6713,"2016-05-03 18:43:48",0
8646,00f501cf51e8b320f63ffb9cb55f79083e17a317,"2016-05-03 19:45:08",0
8645,c97e90c4d09b3a00b172180e8575dec8a8bbc843,"2016-05-03 20:23:13",0
8644,ab24218f831d7e9ebbb9541f812d0b015ec5d298,"2016-05-04 05:15:43",0
8643,12e3de6cf08507b73db633b2162b0f077fb644d9,"2016-05-04 05:25:25",0
8642,9aa45a3d56fae3cb4dac5e08eca10373aa045946,"2016-05-04 12:27:22",0
8641,add491f3be504186b9ceed02d871db455bd641b6,"2016-05-04 12:28:52",0
8640,42b8254ed25c586472e99eb5cec480aae65e19e4,"2016-05-04 21:56:01",0
8639,16a8b588a85488127497725a89529cb9ead486d4,"2016-05-04 22:10:00",0
8638,a63fba8c9c0e6f628e748a3b510e23b7b1a4a9f1,"2016-05-04 22:42:15",0
8637,3f5a8ea474c1b368860d4bf219890f0b108f67c7,"2016-05-05 13:36:46",0
8636,b4be5ce774f1cc6e52a9bcf441596e7aa2c6fa5f,"2016-05-05 13:58:19",0
8635,258c6b5fcf89086884e6c1cd994843690f606f73,"2016-05-05 19:03:02",0
8634,ddf099a3283d6143ab104effe3dc668ad8563221,"2016-05-06 06:02:38",0
8633,cf760ac3f29eb996658c7a66f2f8bc866eea2c2c,"2016-05-06 11:29:29",0
8632,bc83a36ad0bbd13514fc8b90a29e4a1c968faeb2,"2016-05-06 11:39:45",0
8631,4b80697cbbc4424d27bcfb8f0b0c26d6d2773978,"2016-05-06 17:04:28",0
8630,7d4d3351cc57bea14e2d6e902ccab709f502d589,"2016-05-06 17:05:28",0
8629,9dde4949bfb56d5d283bde5d28f68e2cd98fae04,"2016-05-06 21:14:51",0
8628,d62fccf08c0685f11dd84184e085b9f03b457ce3,"2016-05-08 14:34:12",0
8627,921d5b1f55be046c7cd9bf849a5fb01f31f56794,"2016-05-08 17:52:08",0
8626,de2de774a434d6cc3c982ddce2be9959c1dc6724,"2016-05-09 04:18:31",0
8625,74766e95176170f8a109dbde5389116ccba05dae,"2016-05-09 04:21:05",0
8624,258f715551a4f4505c377b83f26835c1fc6f7a98,"2016-05-09 04:38:31",0
8623,cc417d245d8e73b0ed8f8d634b1747d0b00a77aa,"2016-05-09 13:10:43",0
8622,d58bfde16be833a096bf3768900e16e762e4491e,"2016-05-09 14:37:32",0
8621,3332c61cbe25e4f63df7c02bfb5b9762df2c526f,"2016-05-09 17:19:04",0
8620,12cc1fc4ec8cd9971e07f2a0df9dae10e74355ed,"2016-05-09 17:46:47",0
8619,5eadbba23530466d0388afade3633c093637cba0,"2016-05-09 23:16:07",0
8618,a484dd340ac934a201e19089acc6bcd749e91275,"2016-05-09 23:22:29",0
